_id,titulo,portada,slug,descripcion,etiqueta,clasificacion,categoria,subcategorias,labels,estado,createdAT,__v
68044757e58fe4e2192f1b3c,Set Colección Sweet Max 165,a1d6b916-d295-4352-af3a-48783d6dccf3.jpg,set-coleccion-sweet-max-165,Calidad premium y estilo contemporáneo. La combinación perfecta de practicidad y tendencia actual.,Edición Limitada,Niñas,680446d22a16ea324e2a7dc2,Colecciones Infantiles,['etiqueta_1'],True,2025-04-16 23:46:17,0
68044757e58fe4e2192f1b41,Case Phone Lite 575,fcfc596b-21cc-4159-81ea-75f03ca0c7e5.jpg,case-phone-lite-575,Línea exclusiva con los más altos estándares de calidad. Un producto indispensable para tu día a día.,Exclusivo,Masculino,680446d22a16ea324e2a7dbb,Cargadores,"['etiqueta_1', 'etiqueta_2']",False,2025-04-17 00:17:17,0
68044757e58fe4e2192f1b49,Tenis Sport Kid Premium 420,ac31fd2f-c783-4727-aee6-1565ccb81494.jpg,tenis-sport-kid-premium-420,Funcionalidad excepcional con detalles prácticos. La opción ideal para quienes valoran la calidad y el diseño.,Edición Limitada,Niños,680446d22a16ea324e2a7db9,Zapatillas Casual,"['etiqueta_1', 'etiqueta_2']",True,2025-04-17 01:15:17,0
68044757e58fe4e2192f1b66,Cargador Color 2.0 972,fd5e95d3-a0c2-4ae3-8ca7-5e46d4cf6074.jpg,cargador-color-2-0-972,"Fabricado con los mejores materiales, ofrece comodidad y espacio. Su diseño único refleja tu personalidad.",Edición Limitada,Femenino,680446d22a16ea324e2a7dbc,Cargadores,['etiqueta_1'],True,2025-04-17 01:35:17,0
68044757e58fe4e2192f1b70,Case Phone Cute Premium 645,6e8120ac-2fc2-448f-b661-2825d31654c2.jpg,case-phone-cute-premium-645,Línea exclusiva con los más altos estándares de calidad. Un producto indispensable para tu día a día.,Nuevo,Niñas,680446d22a16ea324e2a7dbe,Gadgets Infantiles,"['etiqueta_1', 'etiqueta_2']",False,2025-04-16 23:21:17,0
68044757e58fe4e2192f1b7b,Kit Edición Limitada Fashion Plus 847,bd6e037f-2173-4e23-a283-cc281e53f484.jpg,kit-edicion-limitada-fashion-plus-847,"Diseño ergonómico y resistente, ideal para uso diario. Con compartimentos organizados para satisfacer todas tus necesidades.",Edición Limitada,Femenino,680446d22a16ea324e2a7dc0,Premium,"['etiqueta_1', 'etiqueta_2', 'etiqueta_3', 'etiqueta_4', 'etiqueta_5']",True,2025-04-17 01:14:17,0
68044757e58fe4e2192f1b82,Mochila Junior Pink Plus 101,f532dbf9-03e7-4e84-b14b-558b7b0b51e9.jpg,mochila-junior-pink-plus-101,Calidad premium y estilo contemporáneo. La combinación perfecta de practicidad y tendencia actual.,Exclusivo,Niñas,680446d22a16ea324e2a7dae,Loncheras,"['etiqueta_1', 'etiqueta_2']",True,2025-04-17 02:14:17,0
68044757e58fe4e2192f1b8c,Pantalón Cargo Pro 117,506b4636-e42c-478e-8767-35ddde0a3e87.jpg,pantalon-cargo-pro-117,Innovación y diseño de vanguardia. Un producto que destaca por su durabilidad y detalles cuidadosamente seleccionados.,Destacado,Masculino,680446d22a16ea324e2a7db3,Pantalones,"['etiqueta_1', 'etiqueta_2', 'etiqueta_3', 'etiqueta_4', 'etiqueta_5']",True,2025-04-16 23:49:17,0
68044757e58fe4e2192f1b8f,Mochila Premium Gold Premium 814,537112de-cc81-49a1-9474-b116be1cfbe6.jpg,mochila-premium-gold-premium-814,Elaborado con tecnología de punta y materiales sostenibles. Un producto que cuida de ti y del medio ambiente.,Nuevo,Femenino,680446d22a16ea324e2a7dc0,Colecciones Limitadas,"['etiqueta_1', 'etiqueta_2', 'etiqueta_3']",True,2025-04-17 00:25:17,0
68044757e58fe4e2192f1b9a,Sudadera College Pro 914,07e5d4f2-c9d8-4b8c-8cfd-54ad3d8cb52d.jpg,sudadera-college-pro-914,Material duradero y tecnología avanzada. Combina funcionalidad y estilo para acompañarte en todas tus actividades.,Edición Limitada,Masculino,680446d22a16ea324e2a7db3,Pantalones,"['etiqueta_1', 'etiqueta_2', 'etiqueta_3']",True,2025-04-17 01:07:17,0
68044757e58fe4e2192f1bae,Chaqueta Junior 2.0 625,d7ab8bcd-5416-4029-8574-eb73f791628e.jpg,chaqueta-junior-2-0-625,Elaborado con tecnología de punta y materiales sostenibles. Un producto que cuida de ti y del medio ambiente.,Nuevo,Niños,680446d22a16ea324e2a7db5,Chaquetas,['etiqueta_1'],False,2025-04-16 23:42:17,0
68044757e58fe4e2192f1bbe,Cartuchera Dream Lite 521,91a4c259-be72-4de8-90fa-e7510c42c48e.jpg,cartuchera-dream-lite-521,Línea exclusiva con los más altos estándares de calidad. Un producto indispensable para tu día a día.,Nuevo,Niñas,680446d22a16ea324e2a7db2,Loncheras,"['etiqueta_1', 'etiqueta_2', 'etiqueta_3', 'etiqueta_4']",False,2025-04-17 01:03:17,0
68044757e58fe4e2192f1bc5,Set Colección Infantil Premium 957,3d268934-f64f-46b9-98ee-8bf6edf31ee4.jpg,set-coleccion-infantil-premium-957,"Fabricado con los mejores materiales, ofrece comodidad y espacio. Su diseño único refleja tu personalidad.",Edición Limitada,Niños,680446d22a16ea324e2a7dc1,Personajes,"['etiqueta_1', 'etiqueta_2', 'etiqueta_3']",True,2025-04-17 02:28:17,0
68044757e58fe4e2192f1bcf,Maleta Weekend Max 774,57c78813-be17-4f6f-a75a-ad1f921d2d92.jpg,maleta-weekend-max-774,Elaborado con tecnología de punta y materiales sostenibles. Un producto que cuida de ti y del medio ambiente.,Edición Limitada,Masculino,680446d22a16ea324e2a7dac,Bolsos Deportivos,['etiqueta_1'],True,2025-04-17 00:08:17,0
68044757e58fe4e2192f1bd6,Camiseta Logo Plus 440,740e0d8e-a1e6-411a-be41-aebe5fd72e21.jpg,camiseta-logo-plus-440,"Diseño ergonómico y resistente, ideal para uso diario. Con compartimentos organizados para satisfacer todas tus necesidades.",Exclusivo,Masculino,680446d22a16ea324e2a7db3,Camisetas,"['etiqueta_1', 'etiqueta_2', 'etiqueta_3', 'etiqueta_4']",False,2025-04-17 02:07:17,0
68044757e58fe4e2192f1be3,Pantalón Play Pro 294,3d9adebf-d256-4294-885a-7293c04fa00a.jpg,pantalon-play-pro-294,Línea exclusiva con los más altos estándares de calidad. Un producto indispensable para tu día a día.,Destacado,Niños,680446d22a16ea324e2a7db5,Pantalones,"['etiqueta_1', 'etiqueta_2']",True,2025-04-17 00:03:17,0
68044757e58fe4e2192f1bfb,Camiseta Fun Pro 367,fd085ca9-0991-4c62-a626-3fe199188040.jpg,camiseta-fun-pro-367,Calidad premium y estilo contemporáneo. La combinación perfecta de practicidad y tendencia actual.,Exclusivo,Niños,680446d22a16ea324e2a7db5,Pantalones,"['etiqueta_1', 'etiqueta_2', 'etiqueta_3', 'etiqueta_4']",False,2025-04-16 23:39:17,0
68044757e58fe4e2192f1c0b,Camiseta Princess Plus 533,d76504f5-5ce2-4c39-b2fe-086c4afb7517.jpg,camiseta-princess-plus-533,Diseño minimalista pero funcional. Perfecto para quienes buscan simplicidad sin renunciar al estilo.,Exclusivo,Niñas,680446d22a16ea324e2a7db6,Chaquetas,"['etiqueta_1', 'etiqueta_2', 'etiqueta_3', 'etiqueta_4']",True,2025-04-17 02:39:17,0
68044757e58fe4e2192f1c15,Set Eco-friendly Premium 257,d898a561-2795-4ff9-ad8f-32bedb41075b.jpg,set-eco-friendly-premium-257,Calidad premium y estilo contemporáneo. La combinación perfecta de practicidad y tendencia actual.,Exclusivo,Masculino,680446d22a16ea324e2a7dbf,Premium,['etiqueta_1'],True,2025-04-17 02:12:17,0
68044757e58fe4e2192f1c1f,Bolso de Mano Evening Plus 679,042c544e-31bf-4902-8514-3cc94eae1253.jpg,bolso-de-mano-evening-plus-679,Material duradero y tecnología avanzada. Combina funcionalidad y estilo para acompañarte en todas tus actividades.,Edición Limitada,Femenino,680446d22a16ea324e2a7db0,Billeteras,"['etiqueta_1', 'etiqueta_2', 'etiqueta_3']",True,2025-04-17 01:46:17,0
68044757e58fe4e2192f1c25,Mochila Escolar Hero Pro 550,8778560d-8400-4d59-9e3e-43c450e12006.jpg,mochila-escolar-hero-pro-550,"Diseño ergonómico y resistente, ideal para uso diario. Con compartimentos organizados para satisfacer todas tus necesidades.",Edición Limitada,Niños,680446d22a16ea324e2a7dad,Loncheras,"['etiqueta_1', 'etiqueta_2']",False,2025-04-17 01:31:17,0
68044757e58fe4e2192f1c28,Mochila Explorer Lite 413,e3491415-311b-448f-a454-84b48b27df2c.jpg,mochila-explorer-lite-413,Innovación y diseño de vanguardia. Un producto que destaca por su durabilidad y detalles cuidadosamente seleccionados.,Nuevo,Masculino,680446d22a16ea324e2a7dab,Mochilas Urbanas,"['etiqueta_1', 'etiqueta_2', 'etiqueta_3']",True,2025-04-17 00:54:17,0
68044757e58fe4e2192f1c2f,Chaqueta Junior Girl Max 347,250deb69-e7bc-49e6-86db-fbdec51ed44e.jpg,chaqueta-junior-girl-max-347,Funcionalidad excepcional con detalles prácticos. La opción ideal para quienes valoran la calidad y el diseño.,Edición Limitada,Niñas,680446d22a16ea324e2a7db6,Chaquetas,"['etiqueta_1', 'etiqueta_2', 'etiqueta_3']",True,2025-04-17 00:11:17,0
68044757e58fe4e2192f1c42,Estuche Tech Max 346,25042431-f996-4607-81c0-05e5edb69e6d.jpg,estuche-tech-max-346,Línea exclusiva con los más altos estándares de calidad. Un producto indispensable para tu día a día.,Nuevo,Masculino,680446d22a16ea324e2a7daf,Portadocumentos,['etiqueta_1'],False,2025-04-17 00:43:17,0
68044757e58fe4e2192f1c47,Riñonera Deportiva Plus 735,ab532855-7c15-4d45-ba7a-79bfa2c4ee1e.jpg,rinonera-deportiva-plus-735,Innovación y diseño de vanguardia. Un producto que destaca por su durabilidad y detalles cuidadosamente seleccionados.,Exclusivo,Masculino,680446d22a16ea324e2a7dab,Mochilas Urbanas,"['etiqueta_1', 'etiqueta_2', 'etiqueta_3', 'etiqueta_4']",True,2025-04-17 00:30:17,0
68044757e58fe4e2192f1c4b,Mochila Escolar Hero Max 164,a53c9342-5e12-4915-8264-43ced7c7b008.jpg,mochila-escolar-hero-max-164,Innovación y diseño de vanguardia. Un producto que destaca por su durabilidad y detalles cuidadosamente seleccionados.,Oferta,Niños,680446d22a16ea324e2a7dad,Mochilas para Niños,"['etiqueta_1', 'etiqueta_2', 'etiqueta_3', 'etiqueta_4', 'etiqueta_5']",True,2025-04-17 00:18:17,0
68044757e58fe4e2192f1c52,Sandalias Fun Premium 277,aa2af355-04bf-4f66-a650-a88e2a0334d3.jpg,sandalias-fun-premium-277,"Diseño ergonómico y resistente, ideal para uso diario. Con compartimentos organizados para satisfacer todas tus necesidades.",Nuevo,Niños,680446d22a16ea324e2a7db9,Sandalias,"['etiqueta_1', 'etiqueta_2']",False,2025-04-17 01:54:17,0
68044757e58fe4e2192f1c5e,Audífonos Slim Pro 590,6f329ba0-ec41-41c4-a6c7-4a0d0d2c9664.jpg,audifonos-slim-pro-590,"Fabricado con los mejores materiales, ofrece comodidad y espacio. Su diseño único refleja tu personalidad.",Nuevo,Femenino,680446d22a16ea324e2a7dbc,Gadgets,['etiqueta_1'],False,2025-04-17 01:52:17,0
68044757e58fe4e2192f1c65,Tenis Runner Plus 202,0e888843-d2be-48ad-bb74-dfd561af7a56.jpg,tenis-runner-plus-202,Diseño minimalista pero funcional. Perfecto para quienes buscan simplicidad sin renunciar al estilo.,Destacado,Masculino,680446d22a16ea324e2a7db7,Zapatillas Deportivas,"['etiqueta_1', 'etiqueta_2', 'etiqueta_3']",False,2025-04-16 23:21:17,0
68044757e58fe4e2192f1c7f,Mochila Personajes Girl Max 939,31b0e558-8de4-46e7-9a6f-4fcd5a3d2be4.jpg,mochila-personajes-girl-max-939,Diseño minimalista pero funcional. Perfecto para quienes buscan simplicidad sin renunciar al estilo.,Exclusivo,Niñas,680446d22a16ea324e2a7dc2,Colecciones Infantiles,"['etiqueta_1', 'etiqueta_2', 'etiqueta_3', 'etiqueta_4']",False,2025-04-17 03:02:17,0
68044757e58fe4e2192f1c84,Lonchera Unicorn 2.0 788,41ae6835-b445-4f20-a4a0-5ba3031f0868.jpg,lonchera-unicorn-2-0-788,Diseño minimalista pero funcional. Perfecto para quienes buscan simplicidad sin renunciar al estilo.,Nuevo,Niñas,680446d22a16ea324e2a7dae,Mochilas Escolares,"['etiqueta_1', 'etiqueta_2', 'etiqueta_3', 'etiqueta_4', 'etiqueta_5']",True,2025-04-17 00:58:17,0
68044757e58fe4e2192f1c8c,Estuche Triple Stars Plus 884,f815ee2e-981f-42fd-a6ac-78d688bac033.jpg,estuche-triple-stars-plus-884,Línea exclusiva con los más altos estándares de calidad. Un producto indispensable para tu día a día.,Edición Limitada,Niñas,680446d22a16ea324e2a7db2,Cartucheras,"['etiqueta_1', 'etiqueta_2', 'etiqueta_3', 'etiqueta_4', 'etiqueta_5']",True,2025-04-16 23:15:17,0
68044757e58fe4e2192f1c93,Estuche Tech 2.0 467,2d206ab9-8524-426a-9c5e-688c48d5013b.jpg,estuche-tech-2-0-467,Línea exclusiva con los más altos estándares de calidad. Un producto indispensable para tu día a día.,Oferta,Masculino,680446d22a16ea324e2a7daf,Portadocumentos,"['etiqueta_1', 'etiqueta_2', 'etiqueta_3', 'etiqueta_4']",True,2025-04-17 02:56:17,0
68044757e58fe4e2192f1c98,Zapatillas City Max 551,7df40788-910b-40f0-be04-d732a50cb72b.jpg,zapatillas-city-max-551,Innovación y diseño de vanguardia. Un producto que destaca por su durabilidad y detalles cuidadosamente seleccionados.,Edición Limitada,Masculino,680446d22a16ea324e2a7db7,Zapatillas Casual,['etiqueta_1'],False,2025-04-17 01:06:17,0
68044757e58fe4e2192f1caa,Sandalias Fun Premium 261,7f1ab992-c4d0-4fb5-994f-e7d3940b3227.jpg,sandalias-fun-premium-261,"Fabricado con los mejores materiales, ofrece comodidad y espacio. Su diseño único refleja tu personalidad.",Exclusivo,Niños,680446d22a16ea324e2a7db9,Zapatillas Casual,['etiqueta_1'],False,2025-04-17 03:07:17,0
68044757e58fe4e2192f1cc3,Neceser Beauty 2.0 124,063b0f89-0f05-48c3-85a5-869427917ead.jpg,neceser-beauty-2-0-124,"Fabricado con los mejores materiales, ofrece comodidad y espacio. Su diseño único refleja tu personalidad.",Destacado,Femenino,680446d22a16ea324e2a7db0,Estuches,"['etiqueta_1', 'etiqueta_2', 'etiqueta_3', 'etiqueta_4', 'etiqueta_5']",True,2025-04-17 01:09:17,0
68044757e58fe4e2192f1cc8,Estuche Triple Pro 879,e0d5a47b-d369-4e23-b4d4-63ea2389c90b.jpg,estuche-triple-pro-879,Diseño minimalista pero funcional. Perfecto para quienes buscan simplicidad sin renunciar al estilo.,Exclusivo,Niños,680446d22a16ea324e2a7db1,Estuches,['etiqueta_1'],True,2025-04-17 00:09:17,0
68044757e58fe4e2192f1ccf,Mochila Premium Pro 413,72de74df-16c8-408f-98a3-3e1cc4a468bd.jpg,mochila-premium-pro-413,Funcionalidad excepcional con detalles prácticos. La opción ideal para quienes valoran la calidad y el diseño.,Oferta,Masculino,680446d22a16ea324e2a7dbf,Premium,"['etiqueta_1', 'etiqueta_2']",True,2025-04-17 00:19:17,0
68044757e58fe4e2192f1cd9,Billetera Slim Max 832,3f25371b-e3ea-4c92-9cad-84ce726f48ee.jpg,billetera-slim-max-832,Funcionalidad excepcional con detalles prácticos. La opción ideal para quienes valoran la calidad y el diseño.,Edición Limitada,Femenino,680446d22a16ea324e2a7db0,Neceseres,"['etiqueta_1', 'etiqueta_2', 'etiqueta_3', 'etiqueta_4']",False,2025-04-17 01:02:17,0
68044757e58fe4e2192f1cdf,Neceser Voyage Max 216,4b568fa3-fe50-4ac6-afac-ae3271daa8ae.jpg,neceser-voyage-max-216,Diseño minimalista pero funcional. Perfecto para quienes buscan simplicidad sin renunciar al estilo.,Edición Limitada,Masculino,680446d22a16ea324e2a7daf,Portadocumentos,"['etiqueta_1', 'etiqueta_2']",False,2025-04-17 00:24:17,0
68044757e58fe4e2192f1ce5,Set Colección Infantil Plus 286,9efde019-2cb8-4fbd-a74d-253f6ada03d2.jpg,set-coleccion-infantil-plus-286,Material duradero y tecnología avanzada. Combina funcionalidad y estilo para acompañarte en todas tus actividades.,Exclusivo,Niños,680446d22a16ea324e2a7dc1,Personajes,"['etiqueta_1', 'etiqueta_2']",False,2025-04-17 01:37:17,0
68044757e58fe4e2192f1cee,Mochila Premium 2.0 325,cda5c38a-f561-4cd3-b39f-c806160b2cbe.jpg,mochila-premium-2-0-325,Calidad premium y estilo contemporáneo. La combinación perfecta de practicidad y tendencia actual.,Nuevo,Masculino,680446d22a16ea324e2a7dbf,Colecciones Limitadas,"['etiqueta_1', 'etiqueta_2', 'etiqueta_3', 'etiqueta_4']",True,2025-04-17 00:55:17,0
68044757e58fe4e2192f1cf5,Lonchera Princess Max 606,2d0f2ccb-37b2-49d0-8382-7a4801ffb29a.jpg,lonchera-princess-max-606,Elaborado con tecnología de punta y materiales sostenibles. Un producto que cuida de ti y del medio ambiente.,Oferta,Niñas,680446d22a16ea324e2a7db2,Estuches,"['etiqueta_1', 'etiqueta_2', 'etiqueta_3', 'etiqueta_4', 'etiqueta_5']",True,2025-04-17 01:46:17,0
68044757e58fe4e2192f1cfd,Camiseta Fit Max 871,44a532e4-4d95-4c24-b34d-5036f6fa738e.jpg,camiseta-fit-max-871,Calidad premium y estilo contemporáneo. La combinación perfecta de practicidad y tendencia actual.,Nuevo,Femenino,680446d22a16ea324e2a7db4,Pantalones,"['etiqueta_1', 'etiqueta_2', 'etiqueta_3']",True,2025-04-17 01:23:17,0
68044757e58fe4e2192f1d0f,Case Phone Cute Plus 721,2721861d-e61f-4f88-a189-5140528d9b36.jpg,case-phone-cute-plus-721,Diseño minimalista pero funcional. Perfecto para quienes buscan simplicidad sin renunciar al estilo.,Nuevo,Niñas,680446d22a16ea324e2a7dbe,Gadgets Infantiles,"['etiqueta_1', 'etiqueta_2', 'etiqueta_3']",True,2025-04-17 01:21:17,0
68044757e58fe4e2192f1d17,Estuche Glam Lite 836,e3acbab7-fac9-4f88-8b7a-40fa6b20979d.jpg,estuche-glam-lite-836,Funcionalidad excepcional con detalles prácticos. La opción ideal para quienes valoran la calidad y el diseño.,Destacado,Femenino,680446d22a16ea324e2a7db0,Estuches,"['etiqueta_1', 'etiqueta_2', 'etiqueta_3', 'etiqueta_4']",True,2025-04-17 01:36:17,0
68044757e58fe4e2192f1d1c,Pantalón Slim Premium 168,b3b55d10-6db2-4596-b224-8bc180c6b80d.jpg,pantalon-slim-premium-168,Diseño minimalista pero funcional. Perfecto para quienes buscan simplicidad sin renunciar al estilo.,Oferta,Femenino,680446d22a16ea324e2a7db4,Camisetas,"['etiqueta_1', 'etiqueta_2', 'etiqueta_3', 'etiqueta_4']",True,2025-04-17 01:39:17,0
68044757e58fe4e2192f1d2a,Zapatillas Sweet Pro 613,d713845c-5a9d-4042-81e8-9e12e145251c.jpg,zapatillas-sweet-pro-613,Material duradero y tecnología avanzada. Combina funcionalidad y estilo para acompañarte en todas tus actividades.,Exclusivo,Niñas,680446d22a16ea324e2a7dba,Zapatillas Deportivas,"['etiqueta_1', 'etiqueta_2']",False,2025-04-17 00:37:17,0
68044757e58fe4e2192f1d44,Tenis Sport Kid Plus 672,086959a4-e9f9-4e1c-8804-d5ab9bbae276.jpg,tenis-sport-kid-plus-672,"Fabricado con los mejores materiales, ofrece comodidad y espacio. Su diseño único refleja tu personalidad.",Edición Limitada,Niños,680446d22a16ea324e2a7db9,Sandalias,"['etiqueta_1', 'etiqueta_2', 'etiqueta_3', 'etiqueta_4']",False,2025-04-17 00:04:17,0
68044757e58fe4e2192f1d59,Mochila Junior Pink Plus 764,bd693eb1-e652-4842-a3a5-77f888ce3c1b.jpg,mochila-junior-pink-plus-764,Innovación y diseño de vanguardia. Un producto que destaca por su durabilidad y detalles cuidadosamente seleccionados.,Nuevo,Niñas,680446d22a16ea324e2a7dae,Loncheras,"['etiqueta_1', 'etiqueta_2', 'etiqueta_3', 'etiqueta_4', 'etiqueta_5']",False,2025-04-17 00:47:17,0
68044757e58fe4e2192f1d5d,Mochila Premium Plus 702,19c790a7-0596-4224-8447-c9698e022f6d.jpg,mochila-premium-plus-702,Diseño minimalista pero funcional. Perfecto para quienes buscan simplicidad sin renunciar al estilo.,Edición Limitada,Masculino,680446d22a16ea324e2a7dbf,Colecciones Limitadas,"['etiqueta_1', 'etiqueta_2']",True,2025-04-17 01:36:17,0
68044757e58fe4e2192f1d62,Set Colección Sweet Pro 507,70c2acbc-8086-4959-a492-a476c4d468a7.jpg,set-coleccion-sweet-pro-507,Calidad premium y estilo contemporáneo. La combinación perfecta de practicidad y tendencia actual.,Oferta,Niñas,680446d22a16ea324e2a7dc2,Personajes,"['etiqueta_1', 'etiqueta_2']",False,2025-04-17 01:00:17,0
68044757e58fe4e2192f1d6c,Chaqueta Urban Max 997,53223093-7ab0-45bb-b16a-34b355c24cb5.jpg,chaqueta-urban-max-997,Elaborado con tecnología de punta y materiales sostenibles. Un producto que cuida de ti y del medio ambiente.,Exclusivo,Masculino,680446d22a16ea324e2a7db3,Sudaderas,['etiqueta_1'],True,2025-04-17 00:57:17,0
68044757e58fe4e2192f1d86,Camiseta Princess Premium 575,4a70652f-733c-467f-9112-4df5432bb753.jpg,camiseta-princess-premium-575,Calidad premium y estilo contemporáneo. La combinación perfecta de practicidad y tendencia actual.,Destacado,Niñas,680446d22a16ea324e2a7db6,Camisetas,"['etiqueta_1', 'etiqueta_2', 'etiqueta_3']",True,2025-04-16 23:59:17,0
68044757e58fe4e2192f1d95,Chaqueta City 2.0 993,731e3bac-6167-4189-996a-c3fc9c2fcc6e.jpg,chaqueta-city-2-0-993,Diseño minimalista pero funcional. Perfecto para quienes buscan simplicidad sin renunciar al estilo.,Oferta,Femenino,680446d22a16ea324e2a7db4,Ropa Deportiva,"['etiqueta_1', 'etiqueta_2', 'etiqueta_3', 'etiqueta_4']",False,2025-04-17 03:12:17,0
68044757e58fe4e2192f1da6,Billetera Classic 2.0 617,ccb92294-4091-4e32-804f-f89ec84528b9.jpg,billetera-classic-2-0-617,"Diseño ergonómico y resistente, ideal para uso diario. Con compartimentos organizados para satisfacer todas tus necesidades.",Nuevo,Masculino,680446d22a16ea324e2a7daf,Billeteras,['etiqueta_1'],False,2025-04-17 01:34:17,0
68044757e58fe4e2192f1daf,Camiseta Fun Max 610,150797fe-3077-4714-97f5-34acff5e31df.jpg,camiseta-fun-max-610,Línea exclusiva con los más altos estándares de calidad. Un producto indispensable para tu día a día.,Exclusivo,Niños,680446d22a16ea324e2a7db5,Pantalones,"['etiqueta_1', 'etiqueta_2', 'etiqueta_3']",False,2025-04-17 00:59:17,0
68044757e58fe4e2192f1dbd,Billetera Slim 2.0 525,17f7b551-fb17-4db4-a892-e619887b9330.jpg,billetera-slim-2-0-525,"Fabricado con los mejores materiales, ofrece comodidad y espacio. Su diseño único refleja tu personalidad.",Edición Limitada,Femenino,680446d22a16ea324e2a7db0,Estuches,['etiqueta_1'],False,2025-04-16 23:23:17,0
68044757e58fe4e2192f1dc3,Set Eco-friendly Plus Max 364,13bf26a8-accd-4c2d-a43c-29f80334fc6e.jpg,set-eco-friendly-plus-max-364,Diseño minimalista pero funcional. Perfecto para quienes buscan simplicidad sin renunciar al estilo.,Exclusivo,Femenino,680446d22a16ea324e2a7dc0,Colecciones Limitadas,"['etiqueta_1', 'etiqueta_2', 'etiqueta_3', 'etiqueta_4', 'etiqueta_5']",False,2025-04-17 02:44:17,0
68044757e58fe4e2192f1dcc,Mochila Junior Pink Max 123,5aa27711-1032-4ba3-8dd8-0ab4af25ccc9.jpg,mochila-junior-pink-max-123,Innovación y diseño de vanguardia. Un producto que destaca por su durabilidad y detalles cuidadosamente seleccionados.,Exclusivo,Niñas,680446d22a16ea324e2a7dae,Mochilas Escolares,"['etiqueta_1', 'etiqueta_2', 'etiqueta_3', 'etiqueta_4', 'etiqueta_5']",False,2025-04-17 02:36:17,0
68044757e58fe4e2192f1dd6,Audífonos Slim 2.0 154,4a801396-780b-4825-b58e-16d197c24a9e.jpg,audifonos-slim-2-0-154,Diseño minimalista pero funcional. Perfecto para quienes buscan simplicidad sin renunciar al estilo.,Nuevo,Femenino,680446d22a16ea324e2a7dbc,Powerbanks,"['etiqueta_1', 'etiqueta_2']",True,2025-04-17 02:13:17,0
68044757e58fe4e2192f1dde,Zapatillas City Fit Max 678,8e6e3911-9845-4512-a498-37cb7069bcc9.jpg,zapatillas-city-fit-max-678,Línea exclusiva con los más altos estándares de calidad. Un producto indispensable para tu día a día.,Oferta,Femenino,680446d22a16ea324e2a7db8,Zapatillas Deportivas,"['etiqueta_1', 'etiqueta_2', 'etiqueta_3']",True,2025-04-17 00:06:17,0
68044757e58fe4e2192f1de5,Estuche Glam Plus 959,e0860b1e-ba42-4333-805c-c5cbe58c8a1a.jpg,estuche-glam-plus-959,Diseño minimalista pero funcional. Perfecto para quienes buscan simplicidad sin renunciar al estilo.,Oferta,Femenino,680446d22a16ea324e2a7db0,Estuches,"['etiqueta_1', 'etiqueta_2']",True,2025-04-17 00:49:17,0
68044757e58fe4e2192f1ded,Kit Edición Limitada Fashion Plus 364,367a7eac-5835-4684-845c-4a50bd698eab.jpg,kit-edicion-limitada-fashion-plus-364,Calidad premium y estilo contemporáneo. La combinación perfecta de practicidad y tendencia actual.,Oferta,Femenino,680446d22a16ea324e2a7dc0,Colecciones Limitadas,"['etiqueta_1', 'etiqueta_2', 'etiqueta_3', 'etiqueta_4', 'etiqueta_5']",True,2025-04-17 02:41:17,0
68044757e58fe4e2192f1df5,Set Eco-friendly Plus Pro 704,f8882483-e065-4d1d-9ef5-7feaefb86b28.jpg,set-eco-friendly-plus-pro-704,Diseño minimalista pero funcional. Perfecto para quienes buscan simplicidad sin renunciar al estilo.,Edición Limitada,Femenino,680446d22a16ea324e2a7dc0,Colecciones Limitadas,"['etiqueta_1', 'etiqueta_2', 'etiqueta_3', 'etiqueta_4', 'etiqueta_5']",True,2025-04-17 01:37:17,0
68044757e58fe4e2192f1dfc,Lonchera Unicorn Lite 829,0e4f683a-f292-4624-b703-2c42bff52cb5.jpg,lonchera-unicorn-lite-829,Material duradero y tecnología avanzada. Combina funcionalidad y estilo para acompañarte en todas tus actividades.,Destacado,Niñas,680446d22a16ea324e2a7dae,Mochilas para Niños,"['etiqueta_1', 'etiqueta_2', 'etiqueta_3']",True,2025-04-17 02:29:17,0
68044757e58fe4e2192f1e01,Set Colección Sweet Pro 920,449c598f-dd31-43e5-86cb-1e79e55069c6.jpg,set-coleccion-sweet-pro-920,Innovación y diseño de vanguardia. Un producto que destaca por su durabilidad y detalles cuidadosamente seleccionados.,Edición Limitada,Niñas,680446d22a16ea324e2a7dc2,Colecciones Infantiles,['etiqueta_1'],True,2025-04-16 23:43:17,0
68044757e58fe4e2192f1e0a,Zapatillas City Lite 284,f4fca640-e5c2-4974-bbfc-1f7fcab89176.jpg,zapatillas-city-lite-284,Línea exclusiva con los más altos estándares de calidad. Un producto indispensable para tu día a día.,Nuevo,Masculino,680446d22a16ea324e2a7db7,Zapatillas Casual,"['etiqueta_1', 'etiqueta_2', 'etiqueta_3', 'etiqueta_4', 'etiqueta_5']",True,2025-04-17 01:12:17,0
68044757e58fe4e2192f1e2e,Sandalias Fun Pro 913,5b875aac-d60f-483c-aa5e-6b6b80d5801c.jpg,sandalias-fun-pro-913,"Fabricado con los mejores materiales, ofrece comodidad y espacio. Su diseño único refleja tu personalidad.",Exclusivo,Niños,680446d22a16ea324e2a7db9,Zapatillas Casual,"['etiqueta_1', 'etiqueta_2', 'etiqueta_3', 'etiqueta_4', 'etiqueta_5']",False,2025-04-17 00:15:17,0
68044757e58fe4e2192f1e3b,Botas Urban Premium 718,dca1192b-dbdd-4952-ae3e-ab96ca2f314e.jpg,botas-urban-premium-718,Calidad premium y estilo contemporáneo. La combinación perfecta de practicidad y tendencia actual.,Destacado,Femenino,680446d22a16ea324e2a7db8,Botas,"['etiqueta_1', 'etiqueta_2']",False,2025-04-17 01:11:17,0
68044757e58fe4e2192f1e5e,Kit Edición Limitada Fashion Max 787,9e6d9c8a-a952-4ddf-901d-a6aabf6733b1.jpg,kit-edicion-limitada-fashion-max-787,"Fabricado con los mejores materiales, ofrece comodidad y espacio. Su diseño único refleja tu personalidad.",Exclusivo,Femenino,680446d22a16ea324e2a7dc0,Eco-friendly,"['etiqueta_1', 'etiqueta_2', 'etiqueta_3', 'etiqueta_4']",False,2025-04-16 23:22:17,0
68044757e58fe4e2192f1e65,Pantalón Sweet Premium 875,bc89086b-6674-4ce4-bdc1-34bcee510a9f.jpg,pantalon-sweet-premium-875,Elaborado con tecnología de punta y materiales sostenibles. Un producto que cuida de ti y del medio ambiente.,Destacado,Niñas,680446d22a16ea324e2a7db6,Camisetas,"['etiqueta_1', 'etiqueta_2']",True,2025-04-17 01:39:17,0
68044757e58fe4e2192f1e74,Mochila Urbana 2.0 258,6effe971-373f-4560-9eef-48ae915eef7d.jpg,mochila-urbana-2-0-258,Innovación y diseño de vanguardia. Un producto que destaca por su durabilidad y detalles cuidadosamente seleccionados.,Nuevo,Masculino,680446d22a16ea324e2a7dab,Mochilas para Portátil,"['etiqueta_1', 'etiqueta_2', 'etiqueta_3']",True,2025-04-17 00:36:17,0
68044757e58fe4e2192f1e77,Set Eco-friendly Plus Max 828,497f6718-fa18-4a7f-ab35-5f0f389c36b1.jpg,set-eco-friendly-plus-max-828,Funcionalidad excepcional con detalles prácticos. La opción ideal para quienes valoran la calidad y el diseño.,Nuevo,Femenino,680446d22a16ea324e2a7dc0,Premium,"['etiqueta_1', 'etiqueta_2']",True,2025-04-17 02:11:17,0
68044757e58fe4e2192f1e7e,Lonchera Unicorn Max 626,8ae6efa9-4801-485d-85a8-96e6420b8236.jpg,lonchera-unicorn-max-626,Material duradero y tecnología avanzada. Combina funcionalidad y estilo para acompañarte en todas tus actividades.,Nuevo,Niñas,680446d22a16ea324e2a7dae,Mochilas para Niños,"['etiqueta_1', 'etiqueta_2', 'etiqueta_3', 'etiqueta_4']",True,2025-04-16 23:25:17,0
68044757e58fe4e2192f1e84,Camiseta Fun Plus 198,31743647-468d-4fe7-b3d6-932cb9fcb4aa.jpg,camiseta-fun-plus-198,Innovación y diseño de vanguardia. Un producto que destaca por su durabilidad y detalles cuidadosamente seleccionados.,Oferta,Niños,680446d22a16ea324e2a7db5,Chaquetas,"['etiqueta_1', 'etiqueta_2', 'etiqueta_3', 'etiqueta_4', 'etiqueta_5']",True,2025-04-16 23:19:17,0
68044757e58fe4e2192f1e98,Portadocumentos Ejecutivo Lite 597,9a1b83c6-7cf1-4972-87c8-b5e3ee2e307f.jpg,portadocumentos-ejecutivo-lite-597,"Diseño ergonómico y resistente, ideal para uso diario. Con compartimentos organizados para satisfacer todas tus necesidades.",Exclusivo,Masculino,680446d22a16ea324e2a7daf,Billeteras,"['etiqueta_1', 'etiqueta_2', 'etiqueta_3']",False,2025-04-17 00:30:17,0
68044757e58fe4e2192f1e9e,Cartuchera Adventure Premium 185,8e523a62-7470-4c91-a807-7364013e5184.jpg,cartuchera-adventure-premium-185,"Fabricado con los mejores materiales, ofrece comodidad y espacio. Su diseño único refleja tu personalidad.",Destacado,Niños,680446d22a16ea324e2a7db1,Estuches,"['etiqueta_1', 'etiqueta_2', 'etiqueta_3']",True,2025-04-17 01:16:17,0
68044757e58fe4e2192f1ea4,Camiseta Princess Pro 757,7e26db1d-a806-4ccb-ae84-156f5e782942.jpg,camiseta-princess-pro-757,Diseño minimalista pero funcional. Perfecto para quienes buscan simplicidad sin renunciar al estilo.,Exclusivo,Niñas,680446d22a16ea324e2a7db6,Sudaderas,"['etiqueta_1', 'etiqueta_2', 'etiqueta_3']",True,2025-04-17 00:29:17,0
68044757e58fe4e2192f1eb8,Set Eco-friendly Plus Max 622,e03d2139-cb11-481b-8d18-4b72837b0fea.jpg,set-eco-friendly-plus-max-622,Línea exclusiva con los más altos estándares de calidad. Un producto indispensable para tu día a día.,Exclusivo,Femenino,680446d22a16ea324e2a7dc0,Premium,['etiqueta_1'],True,2025-04-17 03:13:17,0
68044757e58fe4e2192f1ebf,Riñonera Deportiva Pro 858,23ee2c25-adda-41e5-9d8a-c27e4e0a1ee1.jpg,rinonera-deportiva-pro-858,Material duradero y tecnología avanzada. Combina funcionalidad y estilo para acompañarte en todas tus actividades.,Oferta,Masculino,680446d22a16ea324e2a7dab,Maletas de Viaje,"['etiqueta_1', 'etiqueta_2', 'etiqueta_3', 'etiqueta_4']",False,2025-04-17 01:46:17,0
68044757e58fe4e2192f1ec3,Pantalón Sweet Max 828,bc01f685-02a2-4f5e-8fef-ba7ea6c96edf.jpg,pantalon-sweet-max-828,"Fabricado con los mejores materiales, ofrece comodidad y espacio. Su diseño único refleja tu personalidad.",Oferta,Niñas,680446d22a16ea324e2a7db6,Camisetas,"['etiqueta_1', 'etiqueta_2', 'etiqueta_3', 'etiqueta_4', 'etiqueta_5']",True,2025-04-17 01:20:17,0
68044757e58fe4e2192f1ed3,Lonchera Unicorn Max 334,6bc57e24-6bbf-4957-a31a-5cd7d104afb4.jpg,lonchera-unicorn-max-334,Innovación y diseño de vanguardia. Un producto que destaca por su durabilidad y detalles cuidadosamente seleccionados.,Destacado,Niñas,680446d22a16ea324e2a7dae,Loncheras,"['etiqueta_1', 'etiqueta_2', 'etiqueta_3', 'etiqueta_4', 'etiqueta_5']",True,2025-04-16 23:46:17,0
68044757e58fe4e2192f1ede,Estuche Glam Lite 953,09c94d6b-030d-4032-9225-ea888a8f9e5b.jpg,estuche-glam-lite-953,Innovación y diseño de vanguardia. Un producto que destaca por su durabilidad y detalles cuidadosamente seleccionados.,Exclusivo,Femenino,680446d22a16ea324e2a7db0,Bolsos de Mano,"['etiqueta_1', 'etiqueta_2', 'etiqueta_3', 'etiqueta_4']",True,2025-04-17 01:22:17,0
68044757e58fe4e2192f1ee6,Mochila Fashion 2.0 958,74633338-59d0-475b-946b-bc9bf408427d.jpg,mochila-fashion-2-0-958,"Fabricado con los mejores materiales, ofrece comodidad y espacio. Su diseño único refleja tu personalidad.",Exclusivo,Masculino,680446d22a16ea324e2a7dac,Maletas de Viaje,"['etiqueta_1', 'etiqueta_2', 'etiqueta_3']",True,2025-04-16 23:53:17,0
68044757e58fe4e2192f1ef1,Case Phone Pro 184,33b93a6c-8397-47cf-bc56-b7c11d3cd068.jpg,case-phone-pro-184,Material duradero y tecnología avanzada. Combina funcionalidad y estilo para acompañarte en todas tus actividades.,Oferta,Masculino,680446d22a16ea324e2a7dbb,Accesorios para Celular,"['etiqueta_1', 'etiqueta_2', 'etiqueta_3', 'etiqueta_4', 'etiqueta_5']",True,2025-04-16 23:21:17,0
68044757e58fe4e2192f1ef7,Mochila Premium Lite 933,866ac227-b773-4dfa-b1dc-4042a293230f.jpg,mochila-premium-lite-933,Elaborado con tecnología de punta y materiales sostenibles. Un producto que cuida de ti y del medio ambiente.,Nuevo,Masculino,680446d22a16ea324e2a7dbf,Eco-friendly,['etiqueta_1'],True,2025-04-17 00:35:17,0
68044757e58fe4e2192f1efc,Camiseta Fit Lite 647,42e5b7fd-d7a7-4b2d-a99f-a7dced3df0bb.jpg,camiseta-fit-lite-647,Diseño minimalista pero funcional. Perfecto para quienes buscan simplicidad sin renunciar al estilo.,Nuevo,Femenino,680446d22a16ea324e2a7db4,Camisetas,"['etiqueta_1', 'etiqueta_2']",True,2025-04-16 23:50:17,0
68044757e58fe4e2192f1f05,Cartuchera Adventure Premium 987,45b75152-8e20-45de-b935-c42eea3fdbbd.jpg,cartuchera-adventure-premium-987,"Diseño ergonómico y resistente, ideal para uso diario. Con compartimentos organizados para satisfacer todas tus necesidades.",Exclusivo,Niños,680446d22a16ea324e2a7db1,Estuches,"['etiqueta_1', 'etiqueta_2']",False,2025-04-17 02:44:17,0
68044757e58fe4e2192f1f10,Billetera Classic 2.0 275,6278ccf6-d5fd-475e-a4a0-7de03e2a223f.jpg,billetera-classic-2-0-275,Elaborado con tecnología de punta y materiales sostenibles. Un producto que cuida de ti y del medio ambiente.,Destacado,Masculino,680446d22a16ea324e2a7daf,Billeteras,"['etiqueta_1', 'etiqueta_2', 'etiqueta_3', 'etiqueta_4', 'etiqueta_5']",True,2025-04-17 01:50:17,0
68044757e58fe4e2192f1f19,Audífonos Kid Plus 186,97c87c52-77fe-4c20-9a72-dd8abbcd3b38.jpg,audifonos-kid-plus-186,Innovación y diseño de vanguardia. Un producto que destaca por su durabilidad y detalles cuidadosamente seleccionados.,Exclusivo,Niños,680446d22a16ea324e2a7dbd,Accesorios para Celular,['etiqueta_1'],False,2025-04-17 00:02:17,0
68044757e58fe4e2192f1f1f,Cartuchera Adventure Lite 785,ce3c04a0-4f88-491d-a5b9-e7f1108dca88.jpg,cartuchera-adventure-lite-785,Calidad premium y estilo contemporáneo. La combinación perfecta de practicidad y tendencia actual.,Oferta,Niños,680446d22a16ea324e2a7db1,Loncheras,"['etiqueta_1', 'etiqueta_2', 'etiqueta_3', 'etiqueta_4', 'etiqueta_5']",True,2025-04-17 02:24:17,0
68044757e58fe4e2192f1f2a,Zapatillas Sweet Max 921,11a68e2e-4136-42c4-a7fb-7bce94d1710c.jpg,zapatillas-sweet-max-921,"Fabricado con los mejores materiales, ofrece comodidad y espacio. Su diseño único refleja tu personalidad.",Edición Limitada,Niñas,680446d22a16ea324e2a7dba,Zapatillas Casual,"['etiqueta_1', 'etiqueta_2']",False,2025-04-17 03:11:17,0
68044757e58fe4e2192f1f3f,Estuche Triple 2.0 705,196d4b45-8c80-421e-8d41-015b0866f5e3.jpg,estuche-triple-2-0-705,Elaborado con tecnología de punta y materiales sostenibles. Un producto que cuida de ti y del medio ambiente.,Destacado,Niños,680446d22a16ea324e2a7db1,Cartucheras,"['etiqueta_1', 'etiqueta_2']",False,2025-04-17 02:25:17,0
68044757e58fe4e2192f1f45,Gadget Sweet Pro 509,f9426b56-e88d-4896-ad9d-7b1e47b395f0.jpg,gadget-sweet-pro-509,Calidad premium y estilo contemporáneo. La combinación perfecta de practicidad y tendencia actual.,Destacado,Niñas,680446d22a16ea324e2a7dbe,Gadgets Infantiles,"['etiqueta_1', 'etiqueta_2', 'etiqueta_3']",True,2025-04-17 00:44:17,0
68044757e58fe4e2192f1f49,Audífonos Pro Premium 416,bc8897f9-eb20-462e-b684-dd975024120f.jpg,audifonos-pro-premium-416,Línea exclusiva con los más altos estándares de calidad. Un producto indispensable para tu día a día.,Oferta,Masculino,680446d22a16ea324e2a7dbb,Powerbanks,"['etiqueta_1', 'etiqueta_2', 'etiqueta_3', 'etiqueta_4', 'etiqueta_5']",True,2025-04-17 01:27:17,0
68044757e58fe4e2192f1f52,Mochila Lifestyle Pro 677,58314bda-60a3-495d-85e9-872149801446.jpg,mochila-lifestyle-pro-677,Diseño minimalista pero funcional. Perfecto para quienes buscan simplicidad sin renunciar al estilo.,Edición Limitada,Masculino,680446d22a16ea324e2a7dac,Mochilas para Portátil,"['etiqueta_1', 'etiqueta_2', 'etiqueta_3', 'etiqueta_4']",True,2025-04-17 01:32:17,0
68044757e58fe4e2192f1f56,Mochila Personajes Max 161,c90f2261-f832-493c-8856-45845640c5af.jpg,mochila-personajes-max-161,Innovación y diseño de vanguardia. Un producto que destaca por su durabilidad y detalles cuidadosamente seleccionados.,Nuevo,Niños,680446d22a16ea324e2a7dc1,Personajes,"['etiqueta_1', 'etiqueta_2']",True,2025-04-17 00:58:17,0
68044757e58fe4e2192f1f5d,Tenis Sport Girl Premium 692,391db539-436f-45ca-a7e3-10374f9dd8d4.jpg,tenis-sport-girl-premium-692,Diseño minimalista pero funcional. Perfecto para quienes buscan simplicidad sin renunciar al estilo.,Oferta,Niñas,680446d22a16ea324e2a7dba,Zapatillas Deportivas,"['etiqueta_1', 'etiqueta_2', 'etiqueta_3', 'etiqueta_4']",True,2025-04-17 01:19:17,0
68044757e58fe4e2192f1f75,Chaqueta Junior Girl Premium 176,7dd04db7-e906-4de7-b844-c704678d89fa.jpg,chaqueta-junior-girl-premium-176,"Fabricado con los mejores materiales, ofrece comodidad y espacio. Su diseño único refleja tu personalidad.",Oferta,Niñas,680446d22a16ea324e2a7db6,Sudaderas,"['etiqueta_1', 'etiqueta_2', 'etiqueta_3', 'etiqueta_4']",True,2025-04-17 00:07:17,0
68044757e58fe4e2192f1f82,Sandalias Summer Kid Max 518,b8fcaf20-d388-44a7-8814-31ae4dc2f8fd.jpg,sandalias-summer-kid-max-518,"Diseño ergonómico y resistente, ideal para uso diario. Con compartimentos organizados para satisfacer todas tus necesidades.",Oferta,Niñas,680446d22a16ea324e2a7dba,Zapatillas Deportivas,['etiqueta_1'],True,2025-04-16 23:39:17,0
68044757e58fe4e2192f1f8f,Estuche Glam 2.0 739,1ea562d6-eb02-4b95-a029-8d436035b975.jpg,estuche-glam-2-0-739,Innovación y diseño de vanguardia. Un producto que destaca por su durabilidad y detalles cuidadosamente seleccionados.,Edición Limitada,Femenino,680446d22a16ea324e2a7db0,Bolsos de Mano,"['etiqueta_1', 'etiqueta_2', 'etiqueta_3', 'etiqueta_4']",False,2025-04-17 00:55:17,0
68044757e58fe4e2192f1f93,Pantalón Sweet Plus 139,95f3d5ed-5f24-4ce7-88fb-647dad8d8dbf.jpg,pantalon-sweet-plus-139,"Diseño ergonómico y resistente, ideal para uso diario. Con compartimentos organizados para satisfacer todas tus necesidades.",Oferta,Niñas,680446d22a16ea324e2a7db6,Camisetas,"['etiqueta_1', 'etiqueta_2', 'etiqueta_3', 'etiqueta_4', 'etiqueta_5']",True,2025-04-17 01:36:17,0
68044757e58fe4e2192f1f9e,Bolso de Mano Evening Plus 865,6b06afa3-2a4c-4684-b1f6-500f06f0d307.jpg,bolso-de-mano-evening-plus-865,Innovación y diseño de vanguardia. Un producto que destaca por su durabilidad y detalles cuidadosamente seleccionados.,Destacado,Femenino,680446d22a16ea324e2a7db0,Billeteras,"['etiqueta_1', 'etiqueta_2', 'etiqueta_3', 'etiqueta_4']",True,2025-04-17 00:36:17,0
68044757e58fe4e2192f1fa5,Lonchera Princess Max 221,06145cb2-b226-4294-a297-e4b6e5ab762a.jpg,lonchera-princess-max-221,Línea exclusiva con los más altos estándares de calidad. Un producto indispensable para tu día a día.,Oferta,Niñas,680446d22a16ea324e2a7db2,Loncheras,['etiqueta_1'],True,2025-04-17 00:51:17,0
68044757e58fe4e2192f1fac,Zapatillas Sweet Plus 841,a2a6cd39-a6d7-4bb7-9007-0358d0b66b5f.jpg,zapatillas-sweet-plus-841,Diseño minimalista pero funcional. Perfecto para quienes buscan simplicidad sin renunciar al estilo.,Destacado,Niñas,680446d22a16ea324e2a7dba,Botas,"['etiqueta_1', 'etiqueta_2']",True,2025-04-17 00:26:17,0
68044757e58fe4e2192f1fc1,Bolso de Mano Evening Pro 570,93c448d8-75b6-4195-9110-294013d31770.jpg,bolso-de-mano-evening-pro-570,Innovación y diseño de vanguardia. Un producto que destaca por su durabilidad y detalles cuidadosamente seleccionados.,Oferta,Femenino,680446d22a16ea324e2a7db0,Bolsos de Mano,"['etiqueta_1', 'etiqueta_2', 'etiqueta_3']",True,2025-04-17 02:34:17,0
68044757e58fe4e2192f1fc8,Camiseta Princess Pro 218,6866dc59-13ea-4644-925f-285865d93ba3.jpg,camiseta-princess-pro-218,Elaborado con tecnología de punta y materiales sostenibles. Un producto que cuida de ti y del medio ambiente.,Oferta,Niñas,680446d22a16ea324e2a7db6,Camisetas,"['etiqueta_1', 'etiqueta_2', 'etiqueta_3', 'etiqueta_4']",True,2025-04-17 01:19:17,0
68044757e58fe4e2192f1fd6,Case Phone Fun Pro 334,9c1eda34-92fc-4f93-8957-8bc5dcd1a00e.jpg,case-phone-fun-pro-334,Diseño minimalista pero funcional. Perfecto para quienes buscan simplicidad sin renunciar al estilo.,Destacado,Niños,680446d22a16ea324e2a7dbd,Audífonos,"['etiqueta_1', 'etiqueta_2', 'etiqueta_3', 'etiqueta_4', 'etiqueta_5']",True,2025-04-16 23:43:17,0
68044757e58fe4e2192f1fdd,Gadget Sweet Plus 543,0b454c2e-577a-4eb0-bb6c-33708a83e10c.jpg,gadget-sweet-plus-543,Diseño minimalista pero funcional. Perfecto para quienes buscan simplicidad sin renunciar al estilo.,Exclusivo,Niñas,680446d22a16ea324e2a7dbe,Gadgets Infantiles,"['etiqueta_1', 'etiqueta_2', 'etiqueta_3', 'etiqueta_4', 'etiqueta_5']",False,2025-04-16 23:42:17,0
68044757e58fe4e2192f1fe4,Audífonos Kid Max 508,07adaa29-cae5-4cc2-9dbf-382ab1068046.jpg,audifonos-kid-max-508,Innovación y diseño de vanguardia. Un producto que destaca por su durabilidad y detalles cuidadosamente seleccionados.,Exclusivo,Niños,680446d22a16ea324e2a7dbd,Gadgets Infantiles,"['etiqueta_1', 'etiqueta_2']",True,2025-04-17 02:53:17,0
68044757e58fe4e2192f1fe7,Mochila Junior Plus 371,84f98fea-c70b-4775-ac80-570e8520aafc.jpg,mochila-junior-plus-371,Elaborado con tecnología de punta y materiales sostenibles. Un producto que cuida de ti y del medio ambiente.,Oferta,Niños,680446d22a16ea324e2a7dad,Loncheras,"['etiqueta_1', 'etiqueta_2', 'etiqueta_3']",True,2025-04-17 01:24:17,0
68044757e58fe4e2192f1feb,Zapatillas City Plus 145,32bbf2c7-34b7-445f-b15a-c62e26bb5fd1.jpg,zapatillas-city-plus-145,Línea exclusiva con los más altos estándares de calidad. Un producto indispensable para tu día a día.,Edición Limitada,Masculino,680446d22a16ea324e2a7db7,Zapatillas Deportivas,"['etiqueta_1', 'etiqueta_2', 'etiqueta_3']",False,2025-04-17 01:05:17,0
68044757e58fe4e2192f2004,Camiseta Fun 2.0 478,e4d91a1b-7fe8-4278-9b3c-35ef3ced4f75.jpg,camiseta-fun-2-0-478,Elaborado con tecnología de punta y materiales sostenibles. Un producto que cuida de ti y del medio ambiente.,Oferta,Niños,680446d22a16ea324e2a7db5,Chaquetas,"['etiqueta_1', 'etiqueta_2', 'etiqueta_3', 'etiqueta_4']",True,2025-04-17 01:43:17,0
68044757e58fe4e2192f2009,Sandalias Fun Pro 981,ceb6ec65-9b0d-478e-a2b2-c89cc393f54f.jpg,sandalias-fun-pro-981,Línea exclusiva con los más altos estándares de calidad. Un producto indispensable para tu día a día.,Edición Limitada,Niños,680446d22a16ea324e2a7db9,Sandalias,"['etiqueta_1', 'etiqueta_2', 'etiqueta_3', 'etiqueta_4', 'etiqueta_5']",True,2025-04-17 01:12:17,0
68044757e58fe4e2192f202a,Camiseta Fit Pro 996,79d16822-b035-48c6-a6db-590c2c48fb26.jpg,camiseta-fit-pro-996,Material duradero y tecnología avanzada. Combina funcionalidad y estilo para acompañarte en todas tus actividades.,Oferta,Femenino,680446d22a16ea324e2a7db4,Gorras y Sombreros,"['etiqueta_1', 'etiqueta_2', 'etiqueta_3', 'etiqueta_4', 'etiqueta_5']",True,2025-04-17 00:12:17,0
68044757e58fe4e2192f203b,Lonchera Unicorn Max 496,6e66ac59-d004-4cef-a3f6-83274ebff257.jpg,lonchera-unicorn-max-496,Material duradero y tecnología avanzada. Combina funcionalidad y estilo para acompañarte en todas tus actividades.,Oferta,Niñas,680446d22a16ea324e2a7dae,Mochilas para Niños,"['etiqueta_1', 'etiqueta_2']",True,2025-04-17 00:43:17,0
68044757e58fe4e2192f2041,Mochila Premium Pro 135,96524048-a224-4d0a-9d13-9a37075f8e71.jpg,mochila-premium-pro-135,Elaborado con tecnología de punta y materiales sostenibles. Un producto que cuida de ti y del medio ambiente.,Destacado,Masculino,680446d22a16ea324e2a7dbf,Eco-friendly,"['etiqueta_1', 'etiqueta_2', 'etiqueta_3', 'etiqueta_4']",True,2025-04-17 03:08:17,0
68044757e58fe4e2192f204b,Chaqueta Junior Premium 378,984dc963-73da-4f37-900d-4a8c0e2c669c.jpg,chaqueta-junior-premium-378,"Diseño ergonómico y resistente, ideal para uso diario. Con compartimentos organizados para satisfacer todas tus necesidades.",Exclusivo,Niños,680446d22a16ea324e2a7db5,Sudaderas,"['etiqueta_1', 'etiqueta_2', 'etiqueta_3', 'etiqueta_4']",True,2025-04-17 00:00:17,0
68044757e58fe4e2192f205c,Set Eco-friendly Plus 2.0 241,1d195017-17d6-49ab-a082-6cdbb2a1be37.jpg,set-eco-friendly-plus-2-0-241,Funcionalidad excepcional con detalles prácticos. La opción ideal para quienes valoran la calidad y el diseño.,Nuevo,Femenino,680446d22a16ea324e2a7dc0,Premium,"['etiqueta_1', 'etiqueta_2', 'etiqueta_3', 'etiqueta_4']",True,2025-04-17 00:33:17,0
68044757e58fe4e2192f2065,Lonchera Princess 2.0 925,19050e22-d779-4f6b-bc1c-547c89056f33.jpg,lonchera-princess-2-0-925,Elaborado con tecnología de punta y materiales sostenibles. Un producto que cuida de ti y del medio ambiente.,Nuevo,Niñas,680446d22a16ea324e2a7db2,Cartucheras,"['etiqueta_1', 'etiqueta_2']",False,2025-04-17 00:03:17,0
68044757e58fe4e2192f206f,Cartuchera Dream Lite 761,927d8ebe-124a-4786-b42f-7d90d84a922b.jpg,cartuchera-dream-lite-761,Elaborado con tecnología de punta y materiales sostenibles. Un producto que cuida de ti y del medio ambiente.,Destacado,Niñas,680446d22a16ea324e2a7db2,Estuches,"['etiqueta_1', 'etiqueta_2']",True,2025-04-17 02:25:17,0
68044757e58fe4e2192f2073,Billetera Slim 2.0 805,5e215172-64c4-45c4-9314-ecd1e568c306.jpg,billetera-slim-2-0-805,Diseño minimalista pero funcional. Perfecto para quienes buscan simplicidad sin renunciar al estilo.,Destacado,Femenino,680446d22a16ea324e2a7db0,Bolsos de Mano,['etiqueta_1'],True,2025-04-17 01:06:17,0
68044757e58fe4e2192f2077,Set Eco-friendly Pro 726,784b314e-2c8c-4892-bc53-1a2559f26cd4.jpg,set-eco-friendly-pro-726,Innovación y diseño de vanguardia. Un producto que destaca por su durabilidad y detalles cuidadosamente seleccionados.,Edición Limitada,Masculino,680446d22a16ea324e2a7dbf,Colecciones Limitadas,"['etiqueta_1', 'etiqueta_2', 'etiqueta_3', 'etiqueta_4', 'etiqueta_5']",False,2025-04-17 00:02:17,0
68044757e58fe4e2192f207d,Bolso de Mano Evening Lite 313,92275d6c-9482-48d1-b561-ef53fd17b037.jpg,bolso-de-mano-evening-lite-313,Calidad premium y estilo contemporáneo. La combinación perfecta de practicidad y tendencia actual.,Exclusivo,Femenino,680446d22a16ea324e2a7db0,Bolsos de Mano,"['etiqueta_1', 'etiqueta_2', 'etiqueta_3']",True,2025-04-17 00:16:17,0
68044757e58fe4e2192f2080,Camiseta Fit Pro 173,5aa24998-55b0-4489-ae1f-2b6638a7325b.jpg,camiseta-fit-pro-173,Material duradero y tecnología avanzada. Combina funcionalidad y estilo para acompañarte en todas tus actividades.,Exclusivo,Femenino,680446d22a16ea324e2a7db4,Sudaderas,['etiqueta_1'],True,2025-04-17 02:32:17,0
68044757e58fe4e2192f2095,Gadget Junior Plus 584,38f1509a-bb6e-4b02-8fbe-bb7b44b41b9d.jpg,gadget-junior-plus-584,Calidad premium y estilo contemporáneo. La combinación perfecta de practicidad y tendencia actual.,Edición Limitada,Niños,680446d22a16ea324e2a7dbd,Gadgets Infantiles,"['etiqueta_1', 'etiqueta_2', 'etiqueta_3', 'etiqueta_4', 'etiqueta_5']",True,2025-04-16 23:37:17,0
68044757e58fe4e2192f209f,Pantalón Slim Lite 252,0a51afeb-b9e5-40f2-b25f-94d3ccf6d8e7.jpg,pantalon-slim-lite-252,"Diseño ergonómico y resistente, ideal para uso diario. Con compartimentos organizados para satisfacer todas tus necesidades.",Destacado,Femenino,680446d22a16ea324e2a7db4,Ropa Deportiva,"['etiqueta_1', 'etiqueta_2', 'etiqueta_3', 'etiqueta_4']",True,2025-04-17 03:12:17,0
68044757e58fe4e2192f20ac,Chaqueta Junior Pro 316,e7b91e0a-3251-4eda-aed1-73b91cd2ea7d.jpg,chaqueta-junior-pro-316,Línea exclusiva con los más altos estándares de calidad. Un producto indispensable para tu día a día.,Edición Limitada,Niños,680446d22a16ea324e2a7db5,Gorras y Sombreros,"['etiqueta_1', 'etiqueta_2', 'etiqueta_3']",True,2025-04-17 00:32:17,0
68044757e58fe4e2192f20bd,Chaqueta City Plus 178,291ae561-c0f4-47d4-8ab2-dfe26d72ad54.jpg,chaqueta-city-plus-178,Innovación y diseño de vanguardia. Un producto que destaca por su durabilidad y detalles cuidadosamente seleccionados.,Exclusivo,Femenino,680446d22a16ea324e2a7db4,Pantalones,"['etiqueta_1', 'etiqueta_2']",True,2025-04-17 00:44:17,0
68044757e58fe4e2192f20cb,Portadocumentos Ejecutivo Pro 306,cc6631f4-ad34-4ebc-96de-bc110bb530c8.jpg,portadocumentos-ejecutivo-pro-306,Innovación y diseño de vanguardia. Un producto que destaca por su durabilidad y detalles cuidadosamente seleccionados.,Nuevo,Masculino,680446d22a16ea324e2a7daf,Estuches,"['etiqueta_1', 'etiqueta_2', 'etiqueta_3', 'etiqueta_4']",False,2025-04-17 00:19:17,0
68044757e58fe4e2192f20d3,Set Eco-friendly Plus Plus 994,a5088a58-9b61-44c8-a1a8-2a8b652e60a8.jpg,set-eco-friendly-plus-plus-994,Funcionalidad excepcional con detalles prácticos. La opción ideal para quienes valoran la calidad y el diseño.,Nuevo,Femenino,680446d22a16ea324e2a7dc0,Premium,"['etiqueta_1', 'etiqueta_2', 'etiqueta_3']",False,2025-04-17 00:35:17,0
68044757e58fe4e2192f20dc,Billetera Slim Pro 330,317541a2-2e6b-4fdc-9289-5e170b329dc1.jpg,billetera-slim-pro-330,Elaborado con tecnología de punta y materiales sostenibles. Un producto que cuida de ti y del medio ambiente.,Oferta,Femenino,680446d22a16ea324e2a7db0,Bolsos de Mano,"['etiqueta_1', 'etiqueta_2', 'etiqueta_3']",True,2025-04-17 00:07:17,0
68044757e58fe4e2192f20e3,Cargador Rápido Lite 973,62e6eccb-cbf3-4a00-adca-b9231af76853.jpg,cargador-rapido-lite-973,Funcionalidad excepcional con detalles prácticos. La opción ideal para quienes valoran la calidad y el diseño.,Exclusivo,Masculino,680446d22a16ea324e2a7dbb,Audífonos,"['etiqueta_1', 'etiqueta_2', 'etiqueta_3', 'etiqueta_4', 'etiqueta_5']",True,2025-04-17 00:20:17,0
68044757e58fe4e2192f20e9,Portadocumentos Ejecutivo Pro 630,3b671ed2-2eb5-4a8b-bb59-aa2a0a9d766c.jpg,portadocumentos-ejecutivo-pro-630,Diseño minimalista pero funcional. Perfecto para quienes buscan simplicidad sin renunciar al estilo.,Edición Limitada,Masculino,680446d22a16ea324e2a7daf,Neceseres,"['etiqueta_1', 'etiqueta_2', 'etiqueta_3', 'etiqueta_4', 'etiqueta_5']",True,2025-04-17 02:05:17,0
68044757e58fe4e2192f20ef,Maleta Weekend Lite 738,c28b49a3-290f-4c70-aeca-88503598320f.jpg,maleta-weekend-lite-738,Material duradero y tecnología avanzada. Combina funcionalidad y estilo para acompañarte en todas tus actividades.,Exclusivo,Masculino,680446d22a16ea324e2a7dac,Maletas de Viaje,"['etiqueta_1', 'etiqueta_2', 'etiqueta_3', 'etiqueta_4']",False,2025-04-17 00:16:17,0
68044757e58fe4e2192f20f7,Mochila Premium Gold Lite 432,ee9ae8b2-9b67-4cbf-a790-6e5d9ae025ad.jpg,mochila-premium-gold-lite-432,Elaborado con tecnología de punta y materiales sostenibles. Un producto que cuida de ti y del medio ambiente.,Edición Limitada,Femenino,680446d22a16ea324e2a7dc0,Premium,"['etiqueta_1', 'etiqueta_2', 'etiqueta_3', 'etiqueta_4']",True,2025-04-17 01:03:17,0
68044757e58fe4e2192f2100,Chaqueta City Pro 913,1d3240a3-e8fe-4cc5-9c54-ea3542a98cb9.jpg,chaqueta-city-pro-913,Línea exclusiva con los más altos estándares de calidad. Un producto indispensable para tu día a día.,Destacado,Femenino,680446d22a16ea324e2a7db4,Gorras y Sombreros,"['etiqueta_1', 'etiqueta_2', 'etiqueta_3']",True,2025-04-17 01:02:17,0
68044757e58fe4e2192f210b,Kit Edición Limitada 2.0 688,1215a761-a065-4ff3-a364-7ef080076472.jpg,kit-edicion-limitada-2-0-688,Elaborado con tecnología de punta y materiales sostenibles. Un producto que cuida de ti y del medio ambiente.,Edición Limitada,Masculino,680446d22a16ea324e2a7dbf,Premium,"['etiqueta_1', 'etiqueta_2']",True,2025-04-16 23:58:17,0
68044757e58fe4e2192f2110,Estuche Triple Stars Premium 277,f1c098fa-477f-4e7d-9261-0793ce082b80.jpg,estuche-triple-stars-premium-277,Material duradero y tecnología avanzada. Combina funcionalidad y estilo para acompañarte en todas tus actividades.,Edición Limitada,Niñas,680446d22a16ea324e2a7db2,Loncheras,"['etiqueta_1', 'etiqueta_2']",True,2025-04-16 23:22:17,0
68044757e58fe4e2192f211a,Zapatillas Sweet Premium 873,6df0eeb8-5fe5-4bcd-9db4-6107f6edd1bb.jpg,zapatillas-sweet-premium-873,Elaborado con tecnología de punta y materiales sostenibles. Un producto que cuida de ti y del medio ambiente.,Destacado,Niñas,680446d22a16ea324e2a7dba,Sandalias,['etiqueta_1'],True,2025-04-17 00:45:17,0
68044757e58fe4e2192f2122,Estuche Triple Stars Pro 592,72f09eb3-b6b0-4faf-9377-ff5b35c7c9d2.jpg,estuche-triple-stars-pro-592,Innovación y diseño de vanguardia. Un producto que destaca por su durabilidad y detalles cuidadosamente seleccionados.,Exclusivo,Niñas,680446d22a16ea324e2a7db2,Cartucheras,"['etiqueta_1', 'etiqueta_2', 'etiqueta_3', 'etiqueta_4', 'etiqueta_5']",True,2025-04-17 00:12:17,0
68044757e58fe4e2192f2127,Camiseta Princess 2.0 550,bb9e260f-640e-4363-9424-b0c9d7b0d0b9.jpg,camiseta-princess-2-0-550,Innovación y diseño de vanguardia. Un producto que destaca por su durabilidad y detalles cuidadosamente seleccionados.,Nuevo,Niñas,680446d22a16ea324e2a7db6,Pantalones,"['etiqueta_1', 'etiqueta_2', 'etiqueta_3', 'etiqueta_4', 'etiqueta_5']",False,2025-04-17 02:09:17,0
68044757e58fe4e2192f2133,Cargador Rápido 2.0 565,3ce72925-5a7f-4391-8091-5000d13ace43.jpg,cargador-rapido-2-0-565,Línea exclusiva con los más altos estándares de calidad. Un producto indispensable para tu día a día.,Nuevo,Masculino,680446d22a16ea324e2a7dbb,Accesorios para Celular,['etiqueta_1'],True,2025-04-17 02:14:17,0
68044757e58fe4e2192f213d,Lonchera Unicorn 2.0 198,a06f410e-77aa-4baf-a5bd-ad8d616a8017.jpg,lonchera-unicorn-2-0-198,"Fabricado con los mejores materiales, ofrece comodidad y espacio. Su diseño único refleja tu personalidad.",Edición Limitada,Niñas,680446d22a16ea324e2a7dae,Mochilas para Niños,"['etiqueta_1', 'etiqueta_2', 'etiqueta_3', 'etiqueta_4', 'etiqueta_5']",True,2025-04-17 02:25:17,0
68044757e58fe4e2192f2148,Mochila Junior Pink Max 357,a794afa5-73eb-48fb-a0ac-7cdc4571b948.jpg,mochila-junior-pink-max-357,Elaborado con tecnología de punta y materiales sostenibles. Un producto que cuida de ti y del medio ambiente.,Oferta,Niñas,680446d22a16ea324e2a7dae,Mochilas para Niños,"['etiqueta_1', 'etiqueta_2', 'etiqueta_3', 'etiqueta_4', 'etiqueta_5']",False,2025-04-17 02:17:17,0
68044757e58fe4e2192f2150,Tenis Sport Kid 2.0 760,237a4a7d-b92f-477a-8686-1724cc8aa59a.jpg,tenis-sport-kid-2-0-760,Funcionalidad excepcional con detalles prácticos. La opción ideal para quienes valoran la calidad y el diseño.,Oferta,Niños,680446d22a16ea324e2a7db9,Botas,"['etiqueta_1', 'etiqueta_2']",False,2025-04-17 02:26:17,0
68044757e58fe4e2192f2163,Mochila Explorer Max 959,3f2e26ae-cad2-48f7-8357-e1798452d755.jpg,mochila-explorer-max-959,Innovación y diseño de vanguardia. Un producto que destaca por su durabilidad y detalles cuidadosamente seleccionados.,Exclusivo,Masculino,680446d22a16ea324e2a7dab,Maletas de Viaje,"['etiqueta_1', 'etiqueta_2', 'etiqueta_3', 'etiqueta_4', 'etiqueta_5']",False,2025-04-17 01:43:17,0
68044757e58fe4e2192f216d,Zapatillas Junior 2.0 381,4ad9d803-d10b-4d6b-bb21-9fc319436873.jpg,zapatillas-junior-2-0-381,"Diseño ergonómico y resistente, ideal para uso diario. Con compartimentos organizados para satisfacer todas tus necesidades.",Destacado,Niños,680446d22a16ea324e2a7db9,Zapatillas Deportivas,"['etiqueta_1', 'etiqueta_2', 'etiqueta_3', 'etiqueta_4']",True,2025-04-16 23:17:17,0
68044757e58fe4e2192f217f,Pantalón Slim Lite 623,8e665351-23a0-491b-8b8b-102d4fdad9d4.jpg,pantalon-slim-lite-623,Calidad premium y estilo contemporáneo. La combinación perfecta de practicidad y tendencia actual.,Destacado,Femenino,680446d22a16ea324e2a7db4,Sudaderas,"['etiqueta_1', 'etiqueta_2', 'etiqueta_3']",True,2025-04-17 02:56:17,0
68044757e58fe4e2192f2189,Zapatillas City Fit Pro 233,09b78e13-677d-425a-87f0-8c781f185caa.jpg,zapatillas-city-fit-pro-233,Calidad premium y estilo contemporáneo. La combinación perfecta de practicidad y tendencia actual.,Destacado,Femenino,680446d22a16ea324e2a7db8,Zapatillas Deportivas,"['etiqueta_1', 'etiqueta_2']",True,2025-04-17 03:08:17,0
68044757e58fe4e2192f219b,Tenis Sport Girl Lite 316,9ed681b5-42c5-445e-8f0a-e1d2e131775a.jpg,tenis-sport-girl-lite-316,Funcionalidad excepcional con detalles prácticos. La opción ideal para quienes valoran la calidad y el diseño.,Oferta,Niñas,680446d22a16ea324e2a7dba,Zapatillas Casual,['etiqueta_1'],False,2025-04-17 00:27:17,0
68044757e58fe4e2192f21a8,Camiseta Princess 2.0 750,01bac3da-19e0-498e-b720-00a217be5eca.jpg,camiseta-princess-2-0-750,"Fabricado con los mejores materiales, ofrece comodidad y espacio. Su diseño único refleja tu personalidad.",Edición Limitada,Niñas,680446d22a16ea324e2a7db6,Gorras y Sombreros,"['etiqueta_1', 'etiqueta_2', 'etiqueta_3', 'etiqueta_4', 'etiqueta_5']",True,2025-04-17 01:15:17,0
68044757e58fe4e2192f21b5,Mochila Escolar Princess 2.0 736,60e71cbc-d44a-49c6-8b4b-664a7a204060.jpg,mochila-escolar-princess-2-0-736,Calidad premium y estilo contemporáneo. La combinación perfecta de practicidad y tendencia actual.,Edición Limitada,Niñas,680446d22a16ea324e2a7dae,Mochilas para Niños,"['etiqueta_1', 'etiqueta_2', 'etiqueta_3', 'etiqueta_4', 'etiqueta_5']",True,2025-04-17 02:02:17,0
68044757e58fe4e2192f21b9,Estuche Tech Max 591,a195119a-20e4-441a-96c3-e1756c8efca0.jpg,estuche-tech-max-591,Funcionalidad excepcional con detalles prácticos. La opción ideal para quienes valoran la calidad y el diseño.,Oferta,Masculino,680446d22a16ea324e2a7daf,Portadocumentos,['etiqueta_1'],False,2025-04-17 02:03:17,0
68044757e58fe4e2192f21bd,Mochila Premium Plus 468,01ce0f0d-a092-4978-be72-7dd115a743d7.jpg,mochila-premium-plus-468,Calidad premium y estilo contemporáneo. La combinación perfecta de practicidad y tendencia actual.,Exclusivo,Masculino,680446d22a16ea324e2a7dbf,Premium,"['etiqueta_1', 'etiqueta_2', 'etiqueta_3']",True,2025-04-17 01:00:17,0
68044757e58fe4e2192f21c4,Audífonos Kid Lite 267,885d145e-b65b-4078-8995-5e001a3f8826.jpg,audifonos-kid-lite-267,Calidad premium y estilo contemporáneo. La combinación perfecta de practicidad y tendencia actual.,Nuevo,Niños,680446d22a16ea324e2a7dbd,Accesorios para Celular,"['etiqueta_1', 'etiqueta_2', 'etiqueta_3', 'etiqueta_4', 'etiqueta_5']",True,2025-04-17 00:58:17,0
68044757e58fe4e2192f21ce,Camiseta Princess Plus 789,e8798550-3330-4e0f-b6d4-9400bd6abc5d.jpg,camiseta-princess-plus-789,"Diseño ergonómico y resistente, ideal para uso diario. Con compartimentos organizados para satisfacer todas tus necesidades.",Edición Limitada,Niñas,680446d22a16ea324e2a7db6,Camisetas,"['etiqueta_1', 'etiqueta_2', 'etiqueta_3', 'etiqueta_4', 'etiqueta_5']",True,2025-04-17 00:57:17,0
68044757e58fe4e2192f21db,Pantalón Sweet Pro 796,4701296c-f2c8-47bf-9f8b-1c76bbaaf8b2.jpg,pantalon-sweet-pro-796,Material duradero y tecnología avanzada. Combina funcionalidad y estilo para acompañarte en todas tus actividades.,Nuevo,Niñas,680446d22a16ea324e2a7db6,Camisetas,['etiqueta_1'],True,2025-04-16 23:29:17,0
68044757e58fe4e2192f21ea,Case Phone Fashion Premium 556,f3c55194-dbb1-4089-ba30-54f67a128825.jpg,case-phone-fashion-premium-556,Línea exclusiva con los más altos estándares de calidad. Un producto indispensable para tu día a día.,Edición Limitada,Femenino,680446d22a16ea324e2a7dbc,Audífonos,"['etiqueta_1', 'etiqueta_2', 'etiqueta_3', 'etiqueta_4', 'etiqueta_5']",False,2025-04-17 01:04:17,0
68044757e58fe4e2192f21f1,Botas Explorer Pro 490,871ff54d-a924-4311-ae60-3f1ba62f90a4.jpg,botas-explorer-pro-490,Elaborado con tecnología de punta y materiales sostenibles. Un producto que cuida de ti y del medio ambiente.,Destacado,Masculino,680446d22a16ea324e2a7db7,Sandalias,"['etiqueta_1', 'etiqueta_2', 'etiqueta_3', 'etiqueta_4', 'etiqueta_5']",True,2025-04-17 01:55:17,0
68044757e58fe4e2192f2202,Set Colección Infantil Plus 499,308b0162-1e94-4de8-ab68-d17cc5ebcc8b.jpg,set-coleccion-infantil-plus-499,Diseño minimalista pero funcional. Perfecto para quienes buscan simplicidad sin renunciar al estilo.,Oferta,Niños,680446d22a16ea324e2a7dc1,Personajes,"['etiqueta_1', 'etiqueta_2', 'etiqueta_3', 'etiqueta_4', 'etiqueta_5']",False,2025-04-17 02:16:17,0
68044757e58fe4e2192f2208,Tenis Jogging 2.0 439,1a7a10e9-0623-434c-a0c1-70cccdb45676.jpg,tenis-jogging-2-0-439,Diseño minimalista pero funcional. Perfecto para quienes buscan simplicidad sin renunciar al estilo.,Edición Limitada,Femenino,680446d22a16ea324e2a7db8,Zapatillas Deportivas,"['etiqueta_1', 'etiqueta_2']",True,2025-04-17 01:27:17,0
68044757e58fe4e2192f2213,Pantalón Slim 2.0 170,0a6e0487-4725-4e5a-8473-9af6c4a0bcd3.jpg,pantalon-slim-2-0-170,Línea exclusiva con los más altos estándares de calidad. Un producto indispensable para tu día a día.,Nuevo,Femenino,680446d22a16ea324e2a7db4,Ropa Interior,"['etiqueta_1', 'etiqueta_2']",True,2025-04-17 01:19:17,0
68044757e58fe4e2192f221e,Tenis Sport Kid Pro 124,f2eabed3-db4b-4556-86d0-abb4d655a838.jpg,tenis-sport-kid-pro-124,"Diseño ergonómico y resistente, ideal para uso diario. Con compartimentos organizados para satisfacer todas tus necesidades.",Edición Limitada,Niños,680446d22a16ea324e2a7db9,Zapatillas Casual,"['etiqueta_1', 'etiqueta_2']",True,2025-04-17 01:32:17,0
68044757e58fe4e2192f2229,Case Phone Cute Premium 816,2f8237d3-ce0f-46da-a9b3-c35a49480602.jpg,case-phone-cute-premium-816,Material duradero y tecnología avanzada. Combina funcionalidad y estilo para acompañarte en todas tus actividades.,Exclusivo,Niñas,680446d22a16ea324e2a7dbe,Gadgets Infantiles,"['etiqueta_1', 'etiqueta_2', 'etiqueta_3', 'etiqueta_4']",False,2025-04-17 02:32:17,0
68044757e58fe4e2192f222f,Mochila Urbana Max 444,79fd1cb4-fe27-4526-9452-19884acdc5fe.jpg,mochila-urbana-max-444,Funcionalidad excepcional con detalles prácticos. La opción ideal para quienes valoran la calidad y el diseño.,Destacado,Masculino,680446d22a16ea324e2a7dab,Mochilas Urbanas,['etiqueta_1'],True,2025-04-17 02:27:17,0
68044757e58fe4e2192f2236,Sandalias Summer Kid Max 257,842894df-77e0-4f45-9fa5-2298ee94462d.jpg,sandalias-summer-kid-max-257,Elaborado con tecnología de punta y materiales sostenibles. Un producto que cuida de ti y del medio ambiente.,Exclusivo,Niñas,680446d22a16ea324e2a7dba,Zapatillas Deportivas,"['etiqueta_1', 'etiqueta_2', 'etiqueta_3', 'etiqueta_4']",True,2025-04-16 23:29:17,0
68044757e58fe4e2192f224a,Zapatillas Junior Lite 345,f6ac34c1-935e-485d-a6be-5494540295c7.jpg,zapatillas-junior-lite-345,Funcionalidad excepcional con detalles prácticos. La opción ideal para quienes valoran la calidad y el diseño.,Edición Limitada,Niños,680446d22a16ea324e2a7db9,Zapatillas Casual,"['etiqueta_1', 'etiqueta_2', 'etiqueta_3', 'etiqueta_4']",False,2025-04-17 02:08:17,0
68044757e58fe4e2192f2262,Mochila Personajes Max 414,c5be0bcc-ec4d-4a1a-bcbc-df66c0505947.jpg,mochila-personajes-max-414,Funcionalidad excepcional con detalles prácticos. La opción ideal para quienes valoran la calidad y el diseño.,Nuevo,Niños,680446d22a16ea324e2a7dc1,Personajes,"['etiqueta_1', 'etiqueta_2', 'etiqueta_3', 'etiqueta_4', 'etiqueta_5']",True,2025-04-17 02:37:17,0
68044757e58fe4e2192f2268,Mochila Personajes Premium 745,25d4e099-392f-460c-87a1-30cbb9803286.jpg,mochila-personajes-premium-745,Funcionalidad excepcional con detalles prácticos. La opción ideal para quienes valoran la calidad y el diseño.,Exclusivo,Niños,680446d22a16ea324e2a7dc1,Personajes,"['etiqueta_1', 'etiqueta_2', 'etiqueta_3', 'etiqueta_4']",True,2025-04-17 01:28:17,0
68044757e58fe4e2192f226f,Botas Explorer Plus 910,e24167fb-3ac5-47d7-a832-27f4648e4e4c.jpg,botas-explorer-plus-910,Innovación y diseño de vanguardia. Un producto que destaca por su durabilidad y detalles cuidadosamente seleccionados.,Exclusivo,Masculino,680446d22a16ea324e2a7db7,Zapatillas Casual,['etiqueta_1'],True,2025-04-17 00:45:17,0
68044757e58fe4e2192f227a,Mochila Personajes Premium 111,8ddf60f2-1936-4fb5-a052-3d392f17059c.jpg,mochila-personajes-premium-111,Innovación y diseño de vanguardia. Un producto que destaca por su durabilidad y detalles cuidadosamente seleccionados.,Edición Limitada,Niños,680446d22a16ea324e2a7dc1,Colecciones Infantiles,['etiqueta_1'],True,2025-04-17 00:02:17,0
68044757e58fe4e2192f227d,Sandalias Summer Pro 474,c20956aa-8a70-4bc5-9de3-a4b27303c1c6.jpg,sandalias-summer-pro-474,Calidad premium y estilo contemporáneo. La combinación perfecta de practicidad y tendencia actual.,Destacado,Femenino,680446d22a16ea324e2a7db8,Zapatillas Deportivas,"['etiqueta_1', 'etiqueta_2', 'etiqueta_3', 'etiqueta_4', 'etiqueta_5']",True,2025-04-17 02:26:17,0
68044757e58fe4e2192f22a2,Set Colección Sweet Max 674,9cf362b2-12ba-488d-81b4-8c06edd98e78.jpg,set-coleccion-sweet-max-674,Funcionalidad excepcional con detalles prácticos. La opción ideal para quienes valoran la calidad y el diseño.,Destacado,Niñas,680446d22a16ea324e2a7dc2,Personajes,"['etiqueta_1', 'etiqueta_2', 'etiqueta_3', 'etiqueta_4']",True,2025-04-17 02:22:17,0
68044757e58fe4e2192f22a9,Pantalón Cargo Lite 666,85a66816-4877-4036-894c-6616aeccb1ff.jpg,pantalon-cargo-lite-666,"Diseño ergonómico y resistente, ideal para uso diario. Con compartimentos organizados para satisfacer todas tus necesidades.",Exclusivo,Masculino,680446d22a16ea324e2a7db3,Chaquetas,"['etiqueta_1', 'etiqueta_2', 'etiqueta_3', 'etiqueta_4', 'etiqueta_5']",True,2025-04-17 03:02:17,0
68044757e58fe4e2192f22b4,Case Phone Pro 454,be95c733-7e73-4d94-8399-2db9b5b27f84.jpg,case-phone-pro-454,Línea exclusiva con los más altos estándares de calidad. Un producto indispensable para tu día a día.,Nuevo,Masculino,680446d22a16ea324e2a7dbb,Cargadores,"['etiqueta_1', 'etiqueta_2']",True,2025-04-17 01:10:17,0
68044757e58fe4e2192f22bd,Lonchera Unicorn Max 523,0b99ebf3-635f-4476-acd2-058c6eb8fc3f.jpg,lonchera-unicorn-max-523,Elaborado con tecnología de punta y materiales sostenibles. Un producto que cuida de ti y del medio ambiente.,Exclusivo,Niñas,680446d22a16ea324e2a7dae,Mochilas Escolares,"['etiqueta_1', 'etiqueta_2', 'etiqueta_3']",True,2025-04-17 01:21:17,0
68044757e58fe4e2192f22c2,Mochila Personajes Girl 2.0 471,f5b92147-e9ab-469d-ba9b-5c70eca60734.jpg,mochila-personajes-girl-2-0-471,Funcionalidad excepcional con detalles prácticos. La opción ideal para quienes valoran la calidad y el diseño.,Oferta,Niñas,680446d22a16ea324e2a7dc2,Personajes,"['etiqueta_1', 'etiqueta_2', 'etiqueta_3']",False,2025-04-17 00:13:17,0
68044757e58fe4e2192f22c5,Audífonos Girl 2.0 595,642918ff-570d-4eb8-88ed-03e471bc7457.jpg,audifonos-girl-2-0-595,Material duradero y tecnología avanzada. Combina funcionalidad y estilo para acompañarte en todas tus actividades.,Nuevo,Niñas,680446d22a16ea324e2a7dbe,Gadgets Infantiles,"['etiqueta_1', 'etiqueta_2', 'etiqueta_3', 'etiqueta_4']",True,2025-04-17 00:00:17,0
68044757e58fe4e2192f22cb,Cargador Color Plus 620,aa50a49f-024a-4c9b-9437-fbee8c26722d.jpg,cargador-color-plus-620,Funcionalidad excepcional con detalles prácticos. La opción ideal para quienes valoran la calidad y el diseño.,Edición Limitada,Femenino,680446d22a16ea324e2a7dbc,Powerbanks,"['etiqueta_1', 'etiqueta_2', 'etiqueta_3', 'etiqueta_4', 'etiqueta_5']",False,2025-04-17 01:32:17,0
68044757e58fe4e2192f22d1,Case Phone Fun Pro 650,855178ff-4c83-4aa7-a2f4-9c7176a3a42b.jpg,case-phone-fun-pro-650,Elaborado con tecnología de punta y materiales sostenibles. Un producto que cuida de ti y del medio ambiente.,Nuevo,Niños,680446d22a16ea324e2a7dbd,Audífonos,"['etiqueta_1', 'etiqueta_2', 'etiqueta_3']",True,2025-04-17 00:07:17,0
68044757e58fe4e2192f22d9,Botas Urban Plus 611,114ddccf-a5cb-4cf3-981e-265558dbe167.jpg,botas-urban-plus-611,Material duradero y tecnología avanzada. Combina funcionalidad y estilo para acompañarte en todas tus actividades.,Oferta,Femenino,680446d22a16ea324e2a7db8,Zapatillas Casual,"['etiqueta_1', 'etiqueta_2', 'etiqueta_3', 'etiqueta_4', 'etiqueta_5']",True,2025-04-17 01:24:17,0
68044757e58fe4e2192f22f0,Cargador Rápido Max 124,7db24e66-156a-436d-b5fd-78d4f9e08273.jpg,cargador-rapido-max-124,Línea exclusiva con los más altos estándares de calidad. Un producto indispensable para tu día a día.,Destacado,Masculino,680446d22a16ea324e2a7dbb,Gadgets,"['etiqueta_1', 'etiqueta_2', 'etiqueta_3', 'etiqueta_4']",False,2025-04-16 23:13:17,0
68044757e58fe4e2192f22f6,Sandalias Summer Kid Premium 309,9a01a6e2-d183-4893-a357-39c6bcc54cfd.jpg,sandalias-summer-kid-premium-309,Innovación y diseño de vanguardia. Un producto que destaca por su durabilidad y detalles cuidadosamente seleccionados.,Destacado,Niñas,680446d22a16ea324e2a7dba,Zapatillas Casual,"['etiqueta_1', 'etiqueta_2']",True,2025-04-17 00:22:17,0
68044757e58fe4e2192f231c,Case Phone Premium 941,cf4d3057-91f1-48e6-a2ab-abb501898c33.jpg,case-phone-premium-941,"Diseño ergonómico y resistente, ideal para uso diario. Con compartimentos organizados para satisfacer todas tus necesidades.",Destacado,Masculino,680446d22a16ea324e2a7dbb,Audífonos,['etiqueta_1'],True,2025-04-16 23:24:17,0
68044757e58fe4e2192f2320,Camiseta Logo Max 147,fb8dfad1-095b-4f24-9ee8-926d9fb512e1.jpg,camiseta-logo-max-147,Línea exclusiva con los más altos estándares de calidad. Un producto indispensable para tu día a día.,Destacado,Masculino,680446d22a16ea324e2a7db3,Sudaderas,"['etiqueta_1', 'etiqueta_2', 'etiqueta_3', 'etiqueta_4', 'etiqueta_5']",False,2025-04-17 00:21:17,0
68044757e58fe4e2192f2333,Tenis Runner 2.0 702,b0614781-3a2c-4f82-a7d7-646aa4bf9a45.jpg,tenis-runner-2-0-702,Diseño minimalista pero funcional. Perfecto para quienes buscan simplicidad sin renunciar al estilo.,Exclusivo,Masculino,680446d22a16ea324e2a7db7,Zapatillas Deportivas,"['etiqueta_1', 'etiqueta_2']",True,2025-04-17 01:46:17,0
68044757e58fe4e2192f234f,Cartuchera Dream Premium 586,d9ef0fd2-d15d-4b1b-a4d8-0b5f164585bd.jpg,cartuchera-dream-premium-586,Diseño minimalista pero funcional. Perfecto para quienes buscan simplicidad sin renunciar al estilo.,Destacado,Niñas,680446d22a16ea324e2a7db2,Estuches,"['etiqueta_1', 'etiqueta_2', 'etiqueta_3', 'etiqueta_4']",False,2025-04-17 00:34:17,0
68044757e58fe4e2192f2357,Sandalias Beach 2.0 926,4dd059e3-a583-4c2a-963e-e4a1fd98e280.jpg,sandalias-beach-2-0-926,Funcionalidad excepcional con detalles prácticos. La opción ideal para quienes valoran la calidad y el diseño.,Exclusivo,Masculino,680446d22a16ea324e2a7db7,Zapatillas Casual,"['etiqueta_1', 'etiqueta_2', 'etiqueta_3']",False,2025-04-17 01:14:17,0
68044757e58fe4e2192f2363,Sandalias Fun 2.0 498,f208ba6d-0765-4769-8ab6-f2a9158ff89f.jpg,sandalias-fun-2-0-498,Material duradero y tecnología avanzada. Combina funcionalidad y estilo para acompañarte en todas tus actividades.,Nuevo,Niños,680446d22a16ea324e2a7db9,Zapatillas Deportivas,"['etiqueta_1', 'etiqueta_2', 'etiqueta_3', 'etiqueta_4']",True,2025-04-17 02:09:17,0
68044757e58fe4e2192f2373,Lonchera Princess Max 415,71744501-6c7b-4f3d-852b-87000aa5f0f0.jpg,lonchera-princess-max-415,Material duradero y tecnología avanzada. Combina funcionalidad y estilo para acompañarte en todas tus actividades.,Oferta,Niñas,680446d22a16ea324e2a7db2,Estuches,"['etiqueta_1', 'etiqueta_2']",True,2025-04-17 00:48:17,0
68044757e58fe4e2192f2379,Tenis Sport Kid 2.0 398,72f4898d-86b8-4837-876c-5469539a4531.jpg,tenis-sport-kid-2-0-398,"Fabricado con los mejores materiales, ofrece comodidad y espacio. Su diseño único refleja tu personalidad.",Nuevo,Niños,680446d22a16ea324e2a7db9,Zapatillas Casual,"['etiqueta_1', 'etiqueta_2', 'etiqueta_3', 'etiqueta_4', 'etiqueta_5']",False,2025-04-17 03:03:17,0
68044757e58fe4e2192f2389,Bolso de Mano Evening Pro 159,7f3682a4-10d0-4312-837f-d21331c00397.jpg,bolso-de-mano-evening-pro-159,"Diseño ergonómico y resistente, ideal para uso diario. Con compartimentos organizados para satisfacer todas tus necesidades.",Nuevo,Femenino,680446d22a16ea324e2a7db0,Bolsos de Mano,"['etiqueta_1', 'etiqueta_2', 'etiqueta_3']",True,2025-04-17 02:29:17,0
68044757e58fe4e2192f2392,Mochila Junior Pink 2.0 550,1d0a2c5d-29c9-4d6f-8662-5b8b7e69b15d.jpg,mochila-junior-pink-2-0-550,Funcionalidad excepcional con detalles prácticos. La opción ideal para quienes valoran la calidad y el diseño.,Edición Limitada,Niñas,680446d22a16ea324e2a7dae,Mochilas Escolares,"['etiqueta_1', 'etiqueta_2', 'etiqueta_3', 'etiqueta_4']",True,2025-04-17 02:48:17,0
68044757e58fe4e2192f239a,Estuche Triple Stars Plus 691,57f2c4c0-9d54-4a37-bdf2-3fb594528ae9.jpg,estuche-triple-stars-plus-691,Innovación y diseño de vanguardia. Un producto que destaca por su durabilidad y detalles cuidadosamente seleccionados.,Destacado,Niñas,680446d22a16ea324e2a7db2,Cartucheras,"['etiqueta_1', 'etiqueta_2', 'etiqueta_3']",False,2025-04-16 23:15:17,0
68044757e58fe4e2192f23a1,Set Colección Sweet Max 929,5b0795f6-1269-40e3-871f-1423af7b319a.jpg,set-coleccion-sweet-max-929,Elaborado con tecnología de punta y materiales sostenibles. Un producto que cuida de ti y del medio ambiente.,Exclusivo,Niñas,680446d22a16ea324e2a7dc2,Personajes,"['etiqueta_1', 'etiqueta_2', 'etiqueta_3']",True,2025-04-17 01:33:17,0
68044757e58fe4e2192f23a9,Tenis Sport Kid 2.0 815,04e40cd2-339b-4b38-bfc5-fc90cfa2a08c.jpg,tenis-sport-kid-2-0-815,Innovación y diseño de vanguardia. Un producto que destaca por su durabilidad y detalles cuidadosamente seleccionados.,Exclusivo,Niños,680446d22a16ea324e2a7db9,Zapatillas Deportivas,['etiqueta_1'],True,2025-04-17 01:19:17,0
68044757e58fe4e2192f23b9,Lonchera Hero Max 603,f2afda4c-a9c2-4a5d-abc8-2be39bb74fd8.jpg,lonchera-hero-max-603,Calidad premium y estilo contemporáneo. La combinación perfecta de practicidad y tendencia actual.,Destacado,Niños,680446d22a16ea324e2a7db1,Loncheras,"['etiqueta_1', 'etiqueta_2', 'etiqueta_3']",False,2025-04-17 01:26:17,0
68044757e58fe4e2192f23c1,Audífonos Slim Lite 760,12895696-4265-466b-9d3b-854e055e017a.jpg,audifonos-slim-lite-760,Elaborado con tecnología de punta y materiales sostenibles. Un producto que cuida de ti y del medio ambiente.,Nuevo,Femenino,680446d22a16ea324e2a7dbc,Cargadores,['etiqueta_1'],True,2025-04-17 02:46:17,0
